id,loss
250000,7.943257951956926
250001,5.289722983480433
250002,8.230418818898336
250003,7.609962049644236
250004,6.800013369188798
250005,8.52721260264306
250006,8.565771721740237
250007,6.468576755967936
250008,7.4640803563362494
250009,7.763384190652461
250010,5.468795115063859
250011,7.026306708293895
250012,5.599592129558998
250013,6.472326360038226
250014,9.36022974591718
250015,4.5337672650106935
250016,6.803814239258051
250017,6.947206602908848
250018,5.448176972197656
250019,6.015536622759308
250020,7.233081084291702
250021,7.836709597434574
250022,7.304128258448318
250023,7.626627215473739
250024,5.330440925402582
250025,7.3558112580968
250026,8.324886179191452
250027,5.243886725723654
250028,7.524505701427962
250029,6.9225846227622
250030,6.883311372259112
250031,6.593540095976289
250032,5.603158960238999
250033,5.160251184516682
250034,7.421218015716585
250035,7.891991736684212
250036,6.408787116440704
250037,8.41502500311362
250038,5.59624297652709
250039,6.080694450031059
250040,7.949286121399306
250041,6.021739037531882
250042,7.248138894327961
250043,8.287446192465652
250044,5.225923870213384
250045,7.211782570264785
250046,6.772293808198622
250047,6.022805412133154
250048,8.626591022192255
250049,5.623191631625121
250050,6.802352984460488
250051,8.797417572265749
250052,8.523618930565483
250053,7.068653918246525
250054,5.387926854036922
250055,6.702383213521718
250056,6.17670948302659
250057,7.701078413488215
250058,7.394709951214875
250059,6.891089591177943
250060,6.608123735629157
250061,6.665133162484782
250062,6.210989257558699
250063,6.8711089756187285
250064,5.964889248060402
250065,5.285710707951338
250066,5.526153314781675
250067,4.916381458908598
250068,6.46994021016347
250069,5.025220073421088
250070,6.438049856978159
250071,6.044436595220888
250072,8.384230048395285
250073,6.084139843675382
250074,7.141464501982653
250075,4.8357370244857805
250076,7.5606876213040755
250077,4.323923968576489
250078,5.480234512084857
250079,5.890111772141736
250080,6.120170844907564
250081,9.993308717900238
250082,9.983620078466156
250083,7.182066615948818
250084,6.605390544131076
250085,8.287707270155776
250086,6.8660490113289985
250087,6.414434123547462
250088,5.000532518644793
250089,7.751535099761742
250090,6.493139169783741
250091,6.690527353344661
250092,7.572456800788776
250093,7.68078195524072
250094,7.093325499544196
250095,6.020308685346764
250096,6.008198363597414
250097,8.336147335759566
250098,5.914716699914894
250099,5.313544692054223
250100,5.973670278334834
250101,7.183619694536081
250102,6.6605378366679275
250103,5.809556411399859
250104,7.126984413829679
250105,6.9220343963332756
250106,5.089829915524799
250107,7.69797412053186
250108,6.297931980350581
250109,7.218167223492466
250110,7.150014822634512
250111,6.594908514044665
250112,6.43956364836391
250113,6.648388864630207
250114,7.0906177786591815
250115,6.604407922382788
250116,5.467777180559679
250117,9.600639254760917
250118,9.553703507224553
250119,5.882677423697496
250120,10.187002813742916
250121,6.711860015076001
250122,5.648382243821161
250123,6.482529948668775
250124,6.767259218339174
250125,7.782583140329159
250126,5.624951049374934
250127,5.7436854504157955
250128,5.362171457111318
250129,6.281183008107829
250130,5.676322471875222
250131,7.508867235739656
250132,5.043853792919769
250133,6.341070560515053
250134,5.609359944720879
250135,7.240965603180232
250136,8.066850194776396
250137,6.617544589985495
250138,7.3394319079303205
250139,4.005832009036239
250140,6.976627859185822
250141,6.753989374265573
250142,8.353669956817608
250143,6.6545921155603
250144,6.024200680598868
250145,7.694832210829138
250146,7.026553001222128
250147,7.09991419420426
250148,7.844336734029438
250149,7.1455185339452
250150,5.8387205707710725
250151,6.686721489591897
250152,8.297941076370016
250153,6.642613653341105
250154,5.636146711574474
250155,7.084774498175847
250156,6.79634364763449
250157,6.841436068570527
250158,7.632830882718197
250159,4.848217166528721
250160,7.897373032374829
250161,5.436812027823093
250162,5.963322990515655
250163,5.7077927246190665
250164,5.9489217719527705
250165,7.9598814686166275
250166,5.852277786082578
250167,6.2914521170187605
250168,4.944210821826466
250169,6.718050351425411
250170,6.778386433074049
250171,5.910533342815171
250172,6.278732448778021
250173,5.975837655755184
250174,7.193702442241358
250175,5.822023681931522
250176,6.607207794265292
250177,6.784381227615235
250178,6.269580479350763
250179,7.021595175492238
250180,5.360153344782416
250181,5.00575980862732
250182,7.1899428438083826
250183,7.71976323391368
250184,6.393301671705254
250185,6.6638523956572335
250186,7.99143857142877
250187,5.6386118149401625
250188,6.363941508110058
250189,7.0790272449510585
250190,7.676897475341901
250191,6.520735174666218
250192,7.970835544885057
250193,7.618346136407514
250194,7.2110250753576715
250195,9.798802509656207
250196,6.619654068475189
250197,5.402406181921474
250198,5.53720346494884
250199,9.907999024044873
250200,7.623581698104671
250201,6.387286125872752
250202,8.328732305206143
250203,6.606479806389691
250204,9.130123658511888
250205,4.956015605665825
250206,6.270571046045063
250207,6.207622546731109
250208,9.04558556226728
250209,8.859733368662017
250210,7.052395567545233
250211,7.5975727675801075
250212,7.696655136851043
250213,7.054356651158008
250214,5.978536044982242
250215,5.143822945073062
250216,6.744316015032662
250217,4.933553954708893
250218,7.694767293063994
250219,5.761121569210106
250220,6.137369896561641
250221,6.2476562053456774
250222,6.248460567893172
250223,7.183178845538388
250224,4.916844748328751
250225,5.968096824499822
250226,7.200350642936625
250227,4.646054757279836
250228,6.679303118016424
250229,5.865053631092159
250230,6.663352636359644
250231,5.312921327877191
250232,7.541369682749408
250233,6.519643856198025
250234,7.382660287791726
250235,7.114093493389019
250236,4.857506257702481
250237,5.276838934779153
250238,7.1576009915145065
250239,5.8013350539716075
250240,7.3001874943354075
250241,9.796419721191373
250242,7.890732401968541
250243,8.378875401544866
250244,6.58927550849805
250245,6.950221013866853
250246,5.694463566444757
250247,8.523205067828055
250248,6.448913317542491
250249,6.214966724975001
250250,6.8898662379463715
250251,7.6249978758151915
250252,6.3459964418982615
250253,6.924518125376636
250254,6.610279670285186
250255,7.903523335888011
250256,4.85234423357435
250257,7.199935297035147
250258,6.216536565183629
250259,7.343261076929098
250260,7.8329130103700955
250261,9.19856722677862
250262,6.3060138355716315
250263,4.603575443087189
250264,7.001384855129283
250265,7.460428701232837
250266,8.587052392010829
250267,8.653664489951089
250268,6.503063502451733
250269,5.827714742536807
250270,5.893524847258591
250271,6.483904579822957
250272,6.949096126524212
250273,6.0308481122650495
250274,7.260463455414244
250275,7.275501762067654
250276,7.261086459454045
250277,6.198837405582882
250278,5.260150518632144
250279,6.183809618675163
250280,5.403145655796564
250281,8.256170622465177
250282,6.089652704402196
250283,7.275656920495692
250284,8.137125529065473
250285,7.532403941784105
250286,4.927481883152596
250287,5.814861911924817
250288,7.227223202749501
250289,7.674334170167693
250290,5.97905249484597
250291,5.31696739852696
250292,7.151094667614423
250293,6.268081309505593
250294,9.448305081774588
250295,5.87492898119934
250296,6.944204501928471
250297,4.735829906312661
250298,6.151994022557913
250299,7.827222900263608
250300,6.153030152091468
250301,6.358808889594847
250302,5.018490530900863
250303,7.742175152127039
250304,6.9282299126888365
250305,5.150459207119347
250306,10.374713557114232
250307,6.477831538481423
250308,5.428689667253158
250309,5.001900045227986
250310,7.408612612079777
250311,7.270450340133264
250312,6.21805894926918
250313,4.144941267064754
250314,6.937922364301137
250315,7.524881957353333
250316,6.964186738533807
250317,7.088872153139363
250318,5.916682730648696
250319,5.524470567740289
250320,8.631030541875322
250321,6.728769380962339
250322,7.092490666861395
250323,7.824978810362827
250324,6.766515086670687
250325,6.4143075370594955
250326,6.511434177699352
250327,6.571259453302022
250328,8.532660743264334
250329,5.846566544953978
250330,5.775317917424928
250331,5.9644462413387345
250332,7.761321403704415
250333,6.44931610850613
250334,6.366637119569314
250335,8.509895428825827
250336,7.021797051396243
250337,6.568283329741652
250338,4.706536352925811
250339,6.043967835553584
250340,8.400608511195376
250341,7.15758323061551
250342,6.850045183480744
250343,6.459077663797135
250344,6.657557941368949
250345,7.325811310681717
250346,6.248259843300211
250347,5.2196103757984105
250348,4.897203345500282
250349,6.3147772228288765
250350,5.442388283895591
250351,6.007329478617365
250352,7.556815271080221
250353,7.668037289155869
250354,6.304449223255189
250355,6.69896112696768
250356,4.602528986021223
250357,6.503378144368446
250358,6.928250832000369
250359,5.458660038293454
250360,5.777560734526977
250361,5.257346433570711
250362,6.698242304768281
250363,7.183445470788767
250364,7.1450885840599
250365,6.441934530578614
250366,7.085142868444508
250367,6.647844524615524
250368,7.578011169394798
250369,5.889814056771978
250370,5.951923662298597
250371,9.007555489462558
250372,9.108072290439548
250373,6.716244820824041
250374,5.25449433114224
250375,6.325938959871985
250376,7.059183189607916
250377,8.207365776288462
250378,7.4353078933814984
250379,6.072685235742
250380,6.90420310116952
250381,8.191721732845604
250382,5.8423677228231785
250383,5.586303134020266
250384,9.011242453673583
250385,6.355234621118255
250386,6.488506498445985
250387,7.0256232183927425
250388,5.099077365874612
250389,5.1895289843235215
250390,5.996864353199254
250391,5.717061883379497
250392,5.296030246956469
250393,6.643278452256816
250394,9.365881544391394
250395,7.902809056365323
250396,7.5076135473612275
250397,6.052391720520946
250398,5.527622264576312
250399,6.846265482077541
250400,7.068486882257984
250401,7.1478442697629525
250402,6.092740332861529
250403,8.05782319876023
250404,7.678570588680758
250405,6.27721019650841
250406,7.924348964451962
250407,7.125802737649254
250408,7.209158312924274
250409,4.972146504753063
250410,8.395725599248411
250411,7.073875395699268
250412,7.103166068850175
250413,6.274384104362808
250414,6.168381411293542
250415,8.45986494734002
250416,7.615977715087309
250417,7.01497432200168
250418,6.304534728266942
250419,7.091982558956736
250420,10.908483489564034
250421,6.973423919794024
250422,5.017800982710712
250423,9.195206483216355
250424,6.56285633233125
250425,6.033863365915726
250426,6.114888848211178
250427,4.51882593885627
250428,8.0623595096329
250429,8.083646956460154
250430,6.3002173380214135
250431,6.801056728041149
250432,6.122553694958322
250433,8.033229164510832
250434,5.881251086287918
250435,4.235087574487973
250436,7.208941524391959
250437,6.0143578886187115
250438,6.959045099924616
250439,6.522496880849839
250440,6.296560895476038
250441,6.821081549195695
250442,5.992109843443105
250443,7.256634773721084
250444,6.281093637800028
250445,8.131569840555986
250446,6.799006450425077
250447,6.137356210431946
250448,7.608070366740429
250449,7.2538196436988365
250450,8.792443011660477
250451,4.858514760741461
250452,6.114218161945653
250453,7.747364569228273
250454,6.50450401537142
250455,6.26785112706242
250456,6.20054065864012
250457,7.340359337923348
250458,6.785771706599418
250459,5.73045629837755
250460,6.605928745676218
250461,6.634655909032746
250462,9.002662739027485
250463,7.222891141310638
250464,6.437826438299714
250465,7.871911512017606
250466,6.2182470174162265
250467,8.163240959433427
250468,7.962505370346932
250469,4.789138862082234
250470,7.552320877058383
250471,5.951552094856092
250472,8.052173043433559
250473,7.679178352512507
250474,6.364111806194941
250475,7.574185172956499
250476,7.169455847228473
250477,6.313488275931686
250478,5.879102989755198
250479,7.056706698993153
250480,5.284435668901649
250481,7.972916345157775
250482,7.645201316086284
250483,7.899511304441093
250484,6.8888358042496645
250485,7.2556197688790895
250486,7.674410547130446
250487,6.926892341959233
250488,7.297879258611639
250489,7.9501525867060625
250490,6.754692794244931
250491,9.948233941199337
250492,7.09361991964308
250493,6.701191449906384
250494,6.070287062786016
250495,5.955144314682314
250496,6.60776277625785
250497,5.432180487522839
250498,6.559237560458732
250499,5.5299064546285415
250500,6.297300331231769
250501,6.545303502967019
250502,7.181063526644698
250503,7.135963667477111
250504,6.151667447516062
250505,8.636440243609666
250506,5.007736508309243
250507,6.426243194009632
250508,5.265048048861457
250509,4.429071663574534
250510,5.765510732317759
250511,7.38913135401638
250512,7.3127863841483824
250513,5.795384411585154
250514,6.311586786357045
250515,7.003436984597452
250516,5.792080703978419
250517,7.261146647510451
250518,6.245407543669319
250519,6.900923798271547
250520,4.689118403512337
250521,7.563614609113508
250522,5.972492375534502
250523,5.765344730513071
250524,5.433259617151952
250525,7.997969298980088
250526,6.063939230586476
250527,6.061356009419923
250528,7.845673554544846
250529,7.822820141042952
250530,6.0516114580041185
250531,6.981686409915358
250532,6.59335484179778
250533,6.256062618665572
250534,8.404714522471586
250535,6.585746351045364
250536,5.906047872349411
250537,11.366662370063347
250538,6.275415843327408
250539,7.070797174848597
250540,5.723415635516233
250541,5.710764481859625
250542,9.241398423501847
250543,4.617151978999555
250544,8.252105012563783
250545,7.052902808555897
250546,7.4772522833696
250547,7.757500341336174
250548,6.827721642424086
250549,8.486849173978172
250550,7.276869770036194
250551,8.059578799748106
250552,7.740646100215755
250553,8.17860342285528
250554,6.236965549739525
250555,5.326537049302939
250556,6.484825971445318
250557,6.636647099867423
250558,6.246723283892862
250559,5.2919407128062925
250560,5.978250822892498
250561,8.124004717834403
250562,5.641772653987973
250563,6.049117302504271
250564,8.228108565400888
250565,6.852626587784439
250566,7.568306634864958
250567,6.461197541607689
250568,5.987784138310079
250569,6.61972674379136
250570,5.503361262603199
250571,4.774457287586529
250572,7.054602061666901
250573,6.691690054985686
250574,8.239961076239307
250575,8.860656000819592
250576,7.027885537294843
250577,6.8818593798356975
250578,7.147993049005232
250579,7.181497503768751
250580,5.239994574207696
250581,7.458159897312542
250582,6.17839962789232
250583,7.805792814502322
250584,4.462288772490198
250585,5.846592903839713
250586,7.745103461506588
250587,6.599116670633894
250588,6.683458779456469
250589,5.858171408263244
250590,7.03640232691421
250591,5.446669155710167
250592,8.008725746991486
250593,5.331613738903013
250594,7.851740304782283
250595,8.043903674928758
250596,7.668635957197801
250597,5.892542646677984
250598,7.4636323467393435
250599,5.174050145079238
250600,8.007527677212783
250601,5.75603768927148
250602,7.150581279416913
250603,8.869473183816773
250604,5.8239446540150315
250605,8.283869434193779
250606,6.7401516732167135
250607,4.959030025619984
250608,5.953142611068016
250609,6.495063634347587
250610,8.572456026853915
250611,7.141580669423418
250612,6.80829888975627
250613,6.471701242683105
250614,5.6837538754356665
250615,6.465690548714759
250616,5.806263992701272
250617,8.562837451736371
250618,5.599676856595453
250619,6.122167716774765
250620,7.118917466612127
250621,8.339278090400775
250622,8.586550638721409
250623,5.891330508328848
250624,6.093338982347477
250625,5.449887329401929
250626,10.37436728420544
250627,8.508321434525499
250628,7.417166733843008
250629,5.835549260518009
250630,7.716517221901387
250631,6.496096337566986
250632,6.190864798941465
250633,7.927952232481427
250634,7.057451543713967
250635,6.331268709240514
250636,6.97792482290856
250637,6.544347463158535
250638,8.285746913882539
250639,6.922646383571493
250640,6.585726832057466
250641,4.7864140560222355
250642,7.928355089213119
250643,5.772823390293789
250644,4.743652904081024
250645,7.713118281346377
250646,7.539200679165607
250647,7.043113135372726
250648,5.665248553544144
250649,5.556997083458503
250650,4.903805126433111
250651,4.89019469670353
250652,7.447238081853783
250653,5.123330923198685
250654,6.903886501321642
250655,7.575216238229497
250656,7.0462237466222755
250657,6.184023751146879
250658,7.515466036941234
250659,9.517834393610546
250660,7.361968905296246
250661,7.534289159297327
250662,6.618797889080968
250663,6.7035984040543255
250664,5.6710342219512295
250665,5.681048047765328
250666,8.184599110447227
250667,6.730824429256515
250668,5.752144419552916
250669,7.764073417296439
250670,4.980961727689394
250671,8.919652485510715
250672,6.819819188251256
250673,5.787878257695629
250674,6.679542069121554
250675,8.248276149349174
250676,6.3627616831605165
250677,6.489056359599182
250678,7.185671583475549
250679,6.8756443895855766
250680,6.307419258932258
250681,6.55499002017202
250682,6.8264463217059586
250683,6.626528286631346
250684,6.530012523927179
250685,4.636764958702386
250686,7.365070260143854
250687,8.085150300273789
250688,6.7384320804256745
250689,6.349996014623374
250690,7.1506818556343035
250691,7.149832621941048
250692,6.882713551470039
250693,6.16642444413694
250694,7.616069384179919
250695,8.370812577753199
250696,8.258995077741986
250697,7.235230334366623
250698,5.418142243615408
250699,8.033765383338036
250700,8.101482366315741
250701,7.788663008262957
250702,6.725341067170188
250703,9.296922265521516
250704,5.9985447753328405
250705,8.744313519905848
250706,6.464687662588288
250707,7.8571465293081815
250708,6.667928340471732
250709,6.327741962316627
250710,6.891910001927228
250711,8.229586764669705
250712,6.631224994073872
250713,5.285567688723901
250714,7.725820141313358
250715,7.246322307832315
250716,7.189603223551192
250717,6.470142542610313
250718,6.588167370908625
250719,7.122021901356067
250720,7.882240850403766
250721,5.732114750387887
250722,6.1906842203203585
250723,6.692657204522643
250724,8.039662285301791
250725,5.803565546934079
250726,7.259694267525366
250727,5.571367049786261
250728,7.669443522713211
250729,6.773356999086643
250730,7.3747403099437605
250731,8.367653416311029
250732,6.66377461689544
250733,7.6468655920483535
250734,5.773505637023153
250735,5.96346287338775
250736,6.86789085512449
250737,4.811777842795229
250738,6.088088713507332
250739,7.269488754911343
250740,5.787633430596381
250741,4.88319453136465
250742,7.117420765696662
250743,7.2236759322451505
250744,8.154223313637395
250745,5.297491121837933
250746,7.397344452486118
250747,6.51365020771329
250748,7.253109138713707
250749,8.490546168201309
250750,6.733883448882946
250751,6.5892631970443265
250752,7.0633004794114065
250753,6.882980851350136
250754,6.031523948559009
250755,8.942523574165971
250756,6.232069630010502
250757,6.341217500665886
250758,5.774187091252519
250759,5.42176413708303
250760,8.021396024260532
250761,7.667719983228787
250762,6.667768945615409
250763,7.164664350990267
250764,4.963612924797865
250765,5.8207449543607455
250766,5.591541036058828
250767,5.2985975539839085
250768,6.328997694315595
250769,5.838510036177702
250770,9.237739984848618
250771,5.599295704670313
250772,7.078263623004398
250773,6.981872207777293
250774,8.377264632121435
250775,6.983819556693264
250776,7.027679744089312
250777,7.5807331038350085
250778,5.718628030114683
250779,6.736596453483774
250780,6.835743517235945
250781,4.99973439717449
250782,6.539230353139235
250783,6.792321801216124
250784,7.442472156779697
250785,5.524642564753162
250786,5.979061861950587
250787,6.59575410652593
250788,6.596128242252405
250789,7.450323809121164
250790,4.638599860567387
250791,4.725020152106473
250792,5.788474504050775
250793,6.48213534906917
250794,6.197224435006737
250795,7.923628073853962
250796,7.119972080649875
250797,6.913105600416005
250798,7.282320458441394
250799,6.483585090878215
250800,5.3011814165879425
250801,10.373027745167853
250802,5.668669172413631
250803,7.414378660851527
250804,6.3087156194620375
250805,8.600829523718339
250806,7.466753245658714
250807,6.129314713701933
250808,7.189097832300632
250809,5.901451286374794
250810,9.178140319314615
250811,8.2933663878234
250812,4.989830199591252
250813,6.253306895770539
250814,7.566766606117028
250815,7.649135571439997
250816,6.201638067232591
250817,8.47218112962831
250818,7.900511298100818
250819,6.797154753750165
250820,7.306425459769768
250821,8.365006448609165
250822,6.867413926138207
250823,7.765424219236136
250824,5.5311125011374855
250825,5.442908939222177
250826,8.55443541447438
250827,5.750529339548274
250828,9.92215343965791
250829,5.718105904465529
250830,7.182451258985283
250831,6.818687668850457
250832,7.6194226262528835
250833,4.984688007487906
250834,5.143220495973022
250835,6.888571303963801
250836,9.7495716137514
250837,6.356677537483877
250838,8.921433494525845
250839,8.087779653886008
250840,6.1263384520667055
250841,7.239575366892803
250842,8.71895714875135
250843,6.382878902713431
250844,6.599689941251771
250845,7.911665322223456
250846,6.919235528275201
250847,7.396320865984999
250848,6.763209696966222
250849,6.787141864410189
250850,6.317600083180695
250851,7.472666378090698
250852,5.691395287711636
250853,5.981379941610925
250854,7.014218480037397
250855,5.629397914115472
250856,4.781710627045922
250857,5.803581949239957
250858,10.27875097662426
250859,6.322679676350411
250860,8.988207596045541
250861,4.91464245855557
250862,7.316368110220781
250863,8.054696572067568
250864,5.313811223474943
250865,8.88641264338903
250866,4.588256435291035
250867,5.55706460474252
250868,5.796252880950959
250869,6.466743929432032
250870,6.949908870916281
250871,7.204432757849107
250872,6.23412435306297
250873,8.931411037276696
250874,6.50715164363256
250875,6.330312671900629
250876,6.226664841283785
250877,6.99478374694786
250878,5.984118718919622
250879,5.961976273588791
250880,6.347390902104915
250881,5.616621827874432
250882,7.2627153847249355
250883,5.961763096533643
250884,5.396818005991384
250885,9.228660002582375
250886,5.1075360205407305
250887,5.716651848308332
250888,7.507928189843758
250889,6.2114476169906006
250890,6.6866511243119415
250891,6.758082572961228
250892,5.368646846996919
250893,5.324925701537888
250894,9.281716786077943
250895,7.6604786074577635
250896,5.439064061185691
250897,7.2584185247001365
250898,9.335072364585027
250899,7.452149995223024
250900,7.87916440640134
250901,7.88504544930565
250902,6.606862175500429
250903,7.161304407599525
250904,7.742545047470464
250905,8.201976573028668
250906,6.236902586447659
250907,7.120698974080549
250908,7.302838195290435
250909,6.679933970574455
250910,6.051482943198042
250911,6.400045888582492
250912,6.712135950875609
250913,7.085178587546135
250914,6.105476636873563
250915,6.823445823868244
250916,6.7296394816869824
250917,6.670283587493078
250918,6.347090059936028
250919,5.856581181208892
250920,6.698146488069344
250921,6.655865278676682
250922,7.905518215255794
250923,7.1571336176053855
250924,6.2762021278759095
250925,6.721793011014036
250926,5.487685495267321
250927,5.649117862658095
250928,6.440805751602776
250929,6.36017377913358
250930,8.175555637443445
250931,5.9002916042756475
250932,7.1122642813288355
250933,5.77627517044936
250934,8.02489706778706
250935,6.110342356910781
250936,5.0179137991118035
250937,7.835408164161062
250938,6.2774967445695165
250939,4.075904157912736
250940,5.009083732996245
250941,6.877915152361892
250942,7.771573277780769
250943,6.400492941399397
250944,8.534867909686398
250945,8.580863974847297
250946,5.54723620246895
250947,7.468356355868599
250948,6.654924056018601
250949,6.851912500025338
250950,6.782136472232513
250951,6.051830682349355
250952,7.179151771527331
250953,7.804850586026337
250954,6.264401865037615
250955,4.936469826008676
250956,7.52753520832263
250957,6.517683325028944
250958,7.320209004536244
250959,7.431683747250825
250960,4.318172367465648
250961,5.852295657011728
250962,6.334449927887472
250963,5.353780147712616
250964,5.548444623840006
250965,6.3231907698321965
250966,7.836658000218131
250967,6.043761134149033
250968,5.278624822838456
250969,5.473783739696527
250970,6.363381647472172
250971,5.8207066510217125
250972,6.241614879280695
250973,6.0359035300808
250974,10.351160278362796
250975,8.042276917034048
250976,5.966566393820956
250977,7.941097469235302
250978,6.6255181167044235
250979,5.501895647287293
250980,6.651010854396299
250981,7.251917993888602
250982,6.22380504132351
250983,7.520523211665768
250984,6.133451154801367
250985,8.407355082083948
250986,8.616001031989345
250987,9.511443405720966
250988,6.465385874272083
250989,5.630375569298139
250990,7.229994993922759
250991,7.107140770330962
250992,7.456556244871495
250993,7.545799398101673
250994,8.495230939829888
250995,6.656337021986179
250996,6.7121255397314465
250997,6.481538046107181
250998,7.327280152036529
250999,5.4784692198135705
251000,7.368073035977611
251001,5.747200803621347
251002,6.590433956158991
251003,7.9848836970321075
251004,8.443290124200667
251005,6.725642748072111
251006,7.667797722091202
251007,8.945833981841957
251008,6.946009487393837
251009,8.259549268137711
251010,8.058860641793817
251011,6.124416475395407
251012,6.940296503413543
251013,8.007230406299232
251014,5.9983501518547495
251015,6.493765410460689
251016,6.205868434427093
251017,6.695222531424477
251018,6.885648060654326
251019,6.096850473899925
251020,6.58341443562167
251021,5.188881999401419
251022,6.486102367603104
251023,5.94067931937426
251024,6.191841473020983
251025,6.036109375419793
251026,6.300109267164523
251027,6.939242469665523
251028,8.951580783294865
251029,7.334796507833891
251030,6.56094036430199
251031,5.219052350846835
251032,6.307620221338739
251033,8.014677106339228
251034,6.094265008126623
251035,7.954728744337856
251036,6.928735484428955
251037,6.468301992200351
251038,6.8063892578052245
251039,7.5251947599689855
251040,7.84862146658403
251041,7.002137350300341
251042,6.48280417886
251043,6.304718547958351
251044,6.026094331519762
251045,7.784918107769998
251046,7.3186872847802835
251047,6.116451006420743
251048,5.11391050162306
251049,5.102457626149814
251050,8.47023044143522
251051,6.389067259486243
251052,6.075679225223983
251053,6.165437463469525
251054,4.838324440017367
251055,6.557125076487408
251056,6.539426288869825
251057,6.61153242772
251058,5.616756029997969
251059,7.764893685753089
251060,5.328165334042669
251061,7.461823010584393
251062,5.812215077845745
251063,7.686309017612275
251064,5.693795611585722
251065,5.964939761557937
251066,6.825940777299684
251067,6.37850776982767
251068,5.994316100881596
251069,5.875434552597392
251070,6.806123288635362
251071,8.667877908445982
251072,7.513518485410202
251073,5.914252496253795
251074,7.931118098386594
251075,6.0184464464383725
251076,6.059523772873964
251077,7.192286958916668
251078,6.666024018187169
251079,7.4126231354866725
251080,6.843617470244936
251081,6.37894621667002
251082,6.3981967583303785
251083,6.909787097484289
251084,7.146137234608122
251085,7.9529769779165616
251086,7.984056986878536
251087,8.241766357502849
251088,8.202694771541884
251089,8.025046477186304
251090,4.484063208525059
251091,6.187434472734204
251092,6.1919108121622575
251093,7.758251791476976
251094,7.7940902073272165
251095,7.061299654882176
251096,5.595902007245787
251097,6.355683816883234
251098,5.041243267038259
251099,4.187251973513932
251100,5.921219418391212
251101,6.712633999375337
251102,5.4109808273211435
251103,8.098000849183366
251104,6.209741691288467
251105,6.410779104242172
251106,6.311292913935768
251107,5.56384737112012
251108,7.7199487890819745
251109,6.610422091400478
251110,5.756581543018754
251111,7.998050150328565
251112,8.27844633719728
251113,6.482104242436236
251114,7.285513588974215
251115,6.94439984302042
251116,6.951612693086789
251117,6.782414435775008
251118,5.606607906695707
251119,4.897616335664095
251120,6.854852040662822
251121,6.833471445194347
251122,9.119691426400376
251123,5.803567896488133
251124,5.375100342593578
251125,9.038222243683418
251126,6.82255021372664
251127,7.453192991716597
251128,4.60048247038322
251129,10.240602246720929
251130,6.011145234882749
251131,5.527171995018744
251132,6.759624507316002
251133,7.391907050484813
251134,8.434695138149117
251135,6.724689157635616
251136,6.394071362973891
251137,8.50658590713211
251138,5.47608083768913
251139,6.270157823614871
251140,7.225675836123212
251141,6.2032934822273464
251142,4.035093256258523
251143,7.02075371792804
251144,6.889290505467178
251145,6.43394297137493
251146,8.078614796935632
251147,5.996287122300783
251148,7.298055900257046
251149,5.833085862802446
251150,8.011607969841826
251151,7.391275228681933
251152,7.87106550853072
251153,7.390355717418186
251154,7.540540206246039
251155,6.388535901600118
251156,5.83886334403099
251157,5.422540661269704
251158,5.79713105500083
251159,5.777544315246017
251160,7.581245075998664
251161,7.346338614293398
251162,7.170757442770153
251163,6.305403350462504
251164,4.744880613205417
251165,6.7587418306194404
251166,5.412823650005203
251167,5.925549085030628
251168,8.937089398996472
251169,7.721384415455175
251170,6.233082887751968
251171,6.561217190624944
251172,5.268209057829745
251173,8.590532236973742
251174,7.9975099432056425
251175,6.878309454056483
251176,4.558762328688616
251177,6.153520271279179
251178,8.318673858865735
251179,7.934490992939689
251180,6.7917690492432925
251181,7.500999027952586
251182,5.616340925178104
251183,9.04937611858059
251184,8.142889789953745
251185,7.2387901778534225
251186,6.757959318282392
251187,6.55133055244889
251188,7.807898557831936
251189,6.102178933198388
251190,5.645743588217765
251191,7.891772013394164
251192,5.227536042170476
251193,7.726336704848988
251194,5.64940635384497
251195,6.5105309726623615
251196,7.769002965430552
251197,5.794958935085742
251198,6.615244799040925
251199,7.597036677375485
251200,8.327154363119678
251201,7.2699000945037655
251202,6.818105806983356
251203,5.847185721536578
251204,6.68568397163329
251205,7.060194182083837
251206,6.8133832691553815
251207,5.856527518752138
251208,6.299352692035001
251209,6.65634139730226
251210,8.454585480603846
251211,5.648255518836406
251212,5.486867905265547
251213,6.400911094348666
251214,6.6183171561060945
251215,9.154146709841163
251216,6.420393627828326
251217,8.265129940109835
251218,5.019944846005708
251219,5.4980151121000045
251220,7.6105484216093195
251221,5.3072251774896975
251222,6.847624076068762
251223,6.724782447401573
251224,6.501628447910623
251225,5.461581973486133
251226,6.9792340898203005
251227,6.912596307486213
251228,7.353404550976126
251229,6.523816231597978
251230,7.386276449098659
251231,6.5263408430520595
251232,6.64021140699329
251233,5.611208082114766
251234,6.076539263804957
251235,7.04171517150715
251236,7.158693499307173
251237,5.26158761717913
251238,5.353808952484412
251239,6.383592420111935
251240,6.564253244107759
251241,7.177457596124528
251242,3.9958469680375224
251243,6.347137748962979
251244,5.884805727172305
251245,7.175491756572918
251246,5.751566856581696
251247,6.49901549631277
251248,6.698589288413948
251249,5.311425921187631
251250,6.326129576053825
251251,7.857398722697029
251252,7.492659747316342
251253,6.1567737822618085
251254,8.247490120021913
251255,6.481728805348026
251256,6.56958372335501
251257,8.702255098424763
251258,8.679144132673773
251259,8.062745766031176
251260,7.296131248963249
251261,6.185107259100322
251262,6.528237707140132
251263,7.355333886364867
251264,5.855009762683165
251265,7.185934120136235
251266,5.977699282113136
251267,6.109589138334469
251268,5.749456227941886
251269,9.186126406649727
251270,8.188357800923724
251271,7.369194615737154
251272,6.833563740749597
251273,9.600661158293438
251274,5.575663817312385
251275,6.809807705879749
251276,6.347877705361998
251277,7.434884227318323
251278,7.79841959232291
251279,7.489515255202881
251280,5.813977373021389
251281,5.096963378319513
251282,4.043824307786037
251283,6.5864622528273244
251284,4.769488650040439
251285,5.584306570975243
251286,8.642644360934366
251287,6.424711595804974
251288,4.329131151694212
251289,10.353047808105151
251290,6.704556393291171
251291,6.384638602339111
251292,7.727311443928539
251293,6.380074025068923
251294,6.9101112587465465
251295,6.865081414207999
251296,8.386934303943224
251297,5.776655929839134
251298,6.464522221377003
251299,4.249592865087367
251300,7.560109697268304
251301,7.523769126880474
251302,8.543820750525246
251303,7.241879584360424
251304,6.322884307487378
251305,5.960629492383028
251306,5.7011918424532
251307,5.84841056326264
251308,6.907223114158652
251309,7.024636444904958
251310,7.696009592096384
251311,4.311991105232167
251312,9.624600138109361
251313,7.718185385336516
251314,7.6382009359112075
251315,6.926436570970658
251316,9.647381725628161
251317,6.292671302894102
251318,5.35454488590284
251319,6.0268724977796015
251320,5.3043910442529585
251321,5.976721860409089
251322,7.712628921591063
251323,5.8235550547562625
251324,6.100354829285199
251325,6.093394853490063
251326,8.46735923014556
251327,6.387991153805444
251328,5.875129107036997
251329,7.563497539333377
251330,5.815128219898343
251331,7.1530425285336445
251332,4.879613176505357
251333,8.304139489617514
251334,6.928009804361573
251335,5.898915773733949
251336,8.106280109352404
251337,7.61821578682299
251338,7.529901589491347
251339,6.488872150013796
251340,7.686496774325869
251341,7.432432150070726
251342,6.392652108756786
251343,7.855319208665509
251344,8.908901895585378
251345,5.318403209245007
251346,5.706823323657301
251347,7.995415570135094
251348,6.067726100737309
251349,6.91462254384673
251350,8.174372489738477
251351,9.197740645099191
251352,7.24488727714289
251353,6.535791644132727
251354,7.707471707466067
251355,5.133209678425338
251356,7.105994574915895
251357,5.965181708401717
251358,5.746791517419053
251359,7.196628592368987
251360,7.845916430896927
251361,6.507926066423633
251362,7.1814087419370765
251363,6.768090967677777
251364,5.185866194747383
251365,7.761607150929965
251366,7.691405096943271
251367,6.597314330705061
251368,4.687560837384571
251369,6.156989600826746
251370,8.216822845465444
251371,12.652877012976887
251372,8.5892513406755
251373,6.796956602043153
251374,5.665314029070021
251375,8.277257319236204
251376,5.141169535535571
251377,6.713466328277857
251378,6.438784936638717
251379,6.794022978733947
251380,7.091579136138144
251381,6.720113337063184
251382,6.0267178237417625
251383,7.89735038565783
251384,6.359586509947631
251385,7.421193867722893
251386,7.61594240559659
251387,7.500633247978801
251388,6.113312124112488
251389,6.951070098051858
251390,10.801487749938783
251391,8.213876509480276
251392,6.695926293022854
251393,6.70920556230751
251394,6.5189129478954015
251395,8.309244151642853
251396,7.086199218501189
251397,6.965473804925224
251398,7.44092843628264
251399,5.7159031956282185
251400,7.191466573469979
251401,6.124637915133411
251402,8.004058773113595
251403,4.7461520336650675
251404,5.4192533777269105
251405,6.296062251415536
251406,5.907121736356484
251407,6.373838152326655
251408,7.677345048563386
251409,6.086112174369118
251410,6.243543939173303
251411,7.80053340270444
251412,7.445226705433868
251413,8.120546564104421
251414,5.634442981790835
251415,7.587169084807703
251416,7.225251483058045
251417,5.372042388392664
251418,6.267572702029658
251419,9.339019665956494
251420,4.696562508528937
251421,7.844536533053981
251422,6.829709389518664
251423,8.487912895557017
251424,7.139062566047542
251425,6.731132486663437
251426,6.716220242096551
251427,7.066970948572267
251428,6.16400352693598
251429,6.991456875209325
251430,5.176630302283954
251431,6.925180425606742
251432,7.335706587592768
251433,4.55152456018711
251434,6.137525359289047
251435,7.249289837288074
251436,7.54763824582702
251437,5.648755284521223
251438,8.229345997798715
251439,6.314845692363031
251440,7.483131837211642
251441,6.7488679663679365
251442,6.441163444407886
251443,5.750588912806286
251444,7.071754688345334
251445,8.117267717992934
251446,5.9672554061221454
251447,6.539058104422294
251448,6.082552800666061
251449,5.406901846622202
251450,8.406096688088567
251451,5.729844007451043
251452,6.64129368829141
251453,7.277168949483562
251454,7.78580326133957
251455,7.214075297634793
251456,5.704194261203158
251457,4.501568271465015
251458,7.878872041135049
251459,6.479728928485703
251460,5.951093733488543
251461,8.99752313782028
251462,7.555777900023014
251463,7.19336877903671
251464,6.478611978449601
251465,5.155023207087961
251466,6.933973344783301
251467,6.6957765684050194
251468,6.47591138118789
251469,5.422935474299601
251470,7.877665698537335
251471,7.101341851908474
251472,6.13863218919326
251473,6.979338188751937
251474,5.839739240360496
251475,7.438433209657985
251476,6.059783109197989
251477,6.833426867001398
251478,5.802819666537241
251479,5.6211533469708765
251480,7.938786940333599
251481,5.452792904977578
251482,5.350128619955203
251483,7.219650116198427
251484,6.979977397213277
251485,8.02562287908655
251486,5.169496772229903
251487,5.792985488895899
251488,5.173308306573274
251489,6.797771285969776
251490,7.351178456297193
251491,5.55615733705141
251492,6.1575975899135145
251493,7.230431135332751
251494,5.542613784068604
251495,6.008715948845064
251496,4.8988024200698765
251497,7.2023989612009185
251498,6.445634891818435
251499,5.651753945705602
251500,5.929412552440972
251501,8.549309053273761
251502,7.289755187528785
251503,5.848618092457071
251504,4.927641448788753
251505,6.233536780277039
251506,5.952696720733212
251507,6.15108141890672
251508,8.5114832455426
251509,5.845603918524242
251510,7.096952976609355
251511,5.130663948011564
251512,4.928146193762288
251513,6.984033377036644
251514,5.064691219540127
251515,5.38577892435805
251516,5.492626661137356
251517,6.961190169213976
251518,7.429625935074562
251519,6.939976118187417
251520,5.493845140596298
251521,7.362378915497963
251522,5.908140504848696
251523,7.978504883530485
251524,6.664431313334001
251525,6.637504213576356
251526,7.832438341395818
251527,6.402293832107791
251528,4.886429937506236
251529,6.075479480479494
251530,9.192681103394078
251531,7.6624994149480266
251532,5.844094225683909
251533,6.659791447933271
251534,6.931720247508768
251535,9.022247904375966
251536,4.744633971069481
251537,5.561792255394537
251538,5.0318936512224965
251539,6.943998832722839
251540,6.8143400441615185
251541,7.159387087044896
251542,5.426036894466221
251543,5.352545550458482
251544,7.244497530404507
251545,9.06587929344537
251546,7.2231529154843495
251547,5.736126400934433
251548,7.306914586533441
251549,6.6689346132347795
251550,6.010993513862916
251551,5.960648730686932
251552,7.550123160722311
251553,6.877083016501613
251554,5.791774668613255
251555,8.125052137648435
251556,6.507303123245279
251557,6.3347332580098215
251558,5.475887627889367
251559,5.82262969264448
251560,7.718337024904172
251561,4.50769638333926
251562,9.746070630635185
251563,5.7055112748924905
251564,6.225068789946391
251565,7.3663648978504686
251566,7.353863049967284
251567,8.942136909006564
251568,8.088869131614555
251569,6.74764086653715
251570,7.692413066643925
251571,5.614805664591078
251572,7.494069904907227
251573,6.840462355412375
251574,6.746101251378178
251575,6.823029304868342
251576,6.4690574041020446
251577,7.327409810828701
251578,5.609021578063468
251579,7.46475617038193
251580,7.963786833587281
251581,5.790644347722035
251582,7.391951996819335
251583,5.428212748510421
251584,6.175688904463222
251585,6.327837437952443
251586,7.3889281719703614
251587,6.54485390092948
251588,8.225002314456201
251589,10.069158314310073
251590,8.294997329726446
251591,5.214099903951902
251592,5.805231750516121
251593,6.868816118066284
251594,6.6906420486826
251595,8.184855322015135
251596,5.69063861855304
251597,6.251170621207468
251598,7.296225759827724
251599,8.713318942551279
251600,6.741808119096678
251601,7.094643672143861
251602,6.866712207520203
251603,5.656571746796546
251604,8.49213724873029
251605,6.711513146552944
251606,7.239644992661759
251607,7.090863789650749
251608,4.548803002920853
251609,8.155705919580923
251610,6.481967137810085
251611,7.913895608519649
251612,6.870135430999201
251613,7.320073814573481
251614,6.553745642532305
251615,5.87187167925679
251616,6.791462365915024
251617,5.952602132852078
251618,6.803791180841571
251619,8.30283172856704
251620,7.464175884175651
251621,5.271814764688923
251622,5.311152806591933
251623,6.3025986622659165
251624,5.2715400777023405
251625,7.06293616536653
251626,7.905688756086425
251627,8.15566119370148
251628,8.520522836529224
251629,10.48800749961005
251630,7.804357207820523
251631,5.150892915358294
251632,6.065507530815309
251633,6.629332402609418
251634,6.886455204724113
251635,7.96002413995633
251636,9.002105496609175
251637,6.696865450743449
251638,8.487783188916243
251639,7.96981550580614
251640,6.635273027558545
251641,5.558972530819345
251642,6.432272328339362
251643,7.157422050588984
251644,6.998298082245778
251645,5.565429166991136
251646,6.151746216291787
251647,7.050946152527883
251648,7.275217968192184
251649,6.609772538934248
251650,7.327937022597084
251651,6.848767807438297
251652,5.111005613220374
251653,5.388702743772519
251654,9.270882524196857
251655,7.338128392692478
251656,6.151979983730209
251657,6.467653954755702
251658,9.380045256584898
251659,7.831385215278697
251660,5.393786907234978
251661,7.908636553968698
251662,6.95858403451574
251663,6.817579751819154
251664,6.83394660371841
251665,5.858569324718221
251666,6.416618150603018
251667,5.711962203411187
251668,7.2869595792593955
251669,6.140660879030768
251670,7.4745106625052475
251671,5.994679204252241
251672,7.607165483783696
251673,7.648539866924192
251674,7.342729883508131
251675,8.110721409883558
251676,7.162020905555748
251677,4.942796478039033
251678,7.354369285503118
251679,7.821598673483825
251680,7.058761713514876
251681,7.335409259440983
251682,6.96184289695794
251683,7.382912498680815
251684,7.650692859413445
251685,7.597422825049229
251686,5.8909265982981465
251687,7.460822541091083
251688,5.812367558731268
251689,7.786274477331025
251690,8.549567015781687
251691,6.834074513383674
251692,8.17997845407689
251693,6.793846234481165
251694,7.656810398593933
251695,6.0289011723947095
251696,7.790522238630449
251697,7.630514705211259
251698,5.797971947174494
251699,6.443042840491271
251700,4.48484088824333
251701,4.550664186644884
251702,6.404216669532281
251703,6.361093984296497
251704,7.979734248736705
251705,7.451123319845472
251706,6.037099048724761
251707,5.6298792976893
251708,5.409494607335693
251709,5.060276542790671
251710,6.217347544595153
251711,5.896702324008846
251712,7.221472346810241
251713,5.3756574736206275
251714,6.174019193170729
251715,6.500552881565184
251716,5.766005597870083
251717,7.071634887963681
251718,6.948961239957889
251719,6.122269079047538
251720,5.502059320415203
251721,4.6899457914826455
251722,4.0983047721619394
251723,6.617293405925605
251724,8.147667686552559
251725,5.585829034237488
251726,5.4497441908281505
251727,7.384279879371649
251728,6.237217426595683
251729,6.744297607867265
251730,6.875753722926012
251731,5.1846341449984195
251732,6.187561001372087
251733,6.581858498089614
251734,8.000385110622595
251735,5.939445345394791
251736,5.951648373383216
251737,7.950809674784015
251738,7.409121886336109
251739,7.52123356240953
251740,6.8826527964451225
251741,5.879173972492996
251742,6.718830486851405
251743,6.267172941586006
251744,6.081807877899258
251745,5.961463968362444
251746,7.907929232101194
251747,6.713209919963612
251748,7.344821683704069
251749,6.447532338873664
251750,8.140795750768937
251751,8.215140783941852
251752,5.606899967300653
251753,7.79103653219617
251754,6.913094601350803
251755,7.928991519861495
251756,6.038513169756317
251757,6.5031709340030535
251758,7.541431679281386
251759,7.705813084403598
251760,7.4707381481675315
251761,5.816238673796774
251762,6.181202053614035
251763,7.693752732205741
251764,8.251802547791737
251765,5.6964952417823875
251766,7.155762742325863
251767,6.119443509207493
251768,6.3699027566788935
251769,5.9701241399002924
251770,5.718147769986222
251771,6.629991754679416
251772,5.898406498238531
251773,7.212515357029126
251774,5.676849439675313
251775,6.749543830929545
251776,9.362743070403425
251777,6.477066112683971
251778,6.896404985234014
251779,7.189749128380454
251780,7.167982263696924
251781,6.774276808672247
251782,5.765241580861328
251783,5.7422235583480346
251784,7.355811835671938
251785,6.7419128412069735
251786,5.642358179706227
251787,6.235115286561607
251788,5.014968781114168
251789,8.360617503482985
251790,9.241231644136832
251791,7.598468781782973
251792,6.668801813958957
251793,6.1855830341662426
251794,7.248434892049464
251795,6.656436974166024
251796,6.160536358911816
251797,8.375310919988149
251798,6.774716164197206
251799,6.187782434497311
251800,7.399307025869187
251801,6.1115631526227405
251802,8.66459592326875
251803,5.2039409940939985
251804,8.428049322360598
251805,10.168092683682946
251806,6.15800016809604
251807,7.080557454188158
251808,4.781729691438834
251809,5.549973397828982
251810,8.815787359453978
251811,4.861793089013615
251812,8.630011136272534
251813,5.649763526469817
251814,6.898814380913851
251815,7.875645256309247
251816,6.0382614438739175
251817,5.619235800915367
251818,7.559653540886188
251819,5.957337194933275
251820,5.7778705821686955
251821,7.213076955026446
251822,6.565840599851949
251823,6.680619190108721
251824,6.401075910802227
251825,6.952849213486772
251826,7.077539801226257
251827,6.328833349444814
251828,7.057929615198606
251829,7.678040329700654
251830,7.500064587190932
251831,9.423212615916306
251832,5.643624919226021
251833,5.9364687895797825
251834,6.669517792661437
251835,8.302806070271263
251836,7.164034776205317
251837,6.444835600372162
251838,7.4603767773262275
251839,7.768498278634361
251840,8.195634324409205
251841,5.99015440857943
251842,6.597353956475201
251843,5.789313685848444
251844,5.978431482455737
251845,5.1577034456058035
251846,6.152366769836064
251847,7.022064545010499
251848,7.8261977803079485
251849,6.6416684531856784
251850,7.361806656336737
251851,7.650199324148688
251852,8.217033424638949
251853,9.346000995905927
251854,8.345884079488377
251855,7.381072990181687
251856,6.8895228383575855
251857,6.766609228208086
251858,7.496306066559859
251859,7.949662900011457
251860,6.198078159082478
251861,4.289607394816849
251862,4.8488039046573865
251863,6.536232246994329
251864,6.689441928923398
251865,8.43795019710721
251866,6.867511641028438
251867,7.265876701140663
251868,6.614727675927579
251869,7.002518853030652
251870,7.785332392382513
251871,6.9790208514511765
251872,6.47209456896737
251873,6.204031836855308
251874,6.111128063440749
251875,6.6418753606721355
251876,8.957013613660845
251877,7.887115191236196
251878,7.765724102269321
251879,5.31068311678665
251880,8.056996702189222
251881,5.052517107968554
251882,9.502823700736023
251883,5.895725246873136
251884,6.86769348323713
251885,8.322548562006189
251886,6.224710030126662
251887,6.789567276730011
251888,6.006754221164277
251889,7.519273648336837
251890,5.580034502106265
251891,6.38357268764626
251892,5.997981515740559
251893,7.072561814574385
251894,6.542044771795208
251895,8.80907454845832
251896,4.887173652830986
251897,9.366980015525568
251898,5.82088186342312
251899,6.5458397432004105
251900,7.316977257586938
251901,5.456036995189281
251902,4.872961307602798
251903,8.618714783803922
251904,7.442553476934408
251905,7.209752441774855
251906,5.3910126484344785
251907,8.312055367841772
251908,8.704566692184597
251909,7.566537215171828
251910,6.850754260795436
251911,5.161730931263195
251912,4.883874680538927
251913,7.6703793390181
251914,7.449632045894642
251915,6.59766507136578
251916,9.030538598051901
251917,8.629230868816492
251918,5.145785334916762
251919,8.19963292690688
251920,6.956214228103134
251921,5.805237625735254
251922,6.633079184397154
251923,6.345399730518246
251924,5.500135622401608
251925,7.411784220963021
251926,7.281517556352728
251927,6.0307141317759365
251928,9.009357476220993
251929,7.98802232990584
251930,7.541235332607101
251931,6.775855890590433
251932,5.344399088734424
251933,7.093189308758825
251934,7.146804878313641
251935,5.579427706778122
251936,5.590256695917326
251937,7.168371241598964
251938,7.983679773562541
251939,6.424242860223695
251940,7.769354930243081
251941,5.440078615718067
251942,5.323776066937624
251943,6.6420321323245055
251944,8.073187098074078
251945,5.529164095460764
251946,7.85597779279823
251947,7.084756993162685
251948,7.354913318307538
251949,5.271731581126202
251950,6.43598970464772
251951,8.059339049992497
251952,7.03148415880868
251953,5.127306414516163
251954,5.81595073655166
251955,8.616749719871812
251956,8.056554790536147
251957,8.411597470298817
251958,8.567515846198965
251959,6.278839097140262
251960,6.15605761769123
251961,8.67037487352145
251962,5.705267084144582
251963,6.687480801550617
251964,7.399748654829041
251965,7.02948911802139
251966,7.302903337705823
251967,4.367727170993468
251968,6.215682954838955
251969,7.250401745569988
251970,7.129326630841769
251971,6.446395843345018
251972,5.639048166564551
251973,5.917627778192992
251974,5.971276475096149
251975,6.982265563508621
251976,5.326709909646571
251977,8.011978823735852
251978,5.650250296401315
251979,6.567571110671635
251980,6.766589749094015
251981,8.04909082339572
251982,6.236455667973635
251983,6.567849703336669
251984,5.101142119140215
251985,6.34615305992962
251986,5.878549136003397
251987,6.837469123853443
251988,8.845966690839322
251989,8.322367314975168
251990,6.353516583554157
251991,7.269774549186478
251992,8.494986815973036
251993,6.407489484486485
251994,5.557978567713906
251995,8.01153199847319
251996,6.304461696185697
251997,5.8555203369643944
251998,5.194673305574074
251999,7.216770708246388
252000,7.549313587949363
252001,6.176577283563184
252002,7.924030443352041
252003,5.269460926965568
252004,6.76236050069692
252005,8.412590226327396
252006,6.675729955079779
252007,6.599130681063328
252008,5.25107431577598
252009,6.299736493403531
252010,6.602571488010545
252011,5.505319727141904
252012,8.487905787460086
252013,4.375253682336836
252014,7.072243996640981
252015,5.097878743933743
252016,8.674127661542117
252017,6.9301368042065965
252018,8.002330007533065
252019,6.696654093897663
252020,6.523839514243501
252021,5.193885657082921
252022,6.607254956383731
252023,4.983928419214719
252024,6.63228486213605
252025,6.215507660931509
252026,6.5138033547950265
252027,7.200139069126498
252028,6.533876987122377
252029,7.520973326940376
252030,8.179655334313113
252031,7.085342861831724
252032,9.838576581815289
252033,6.670696097189295
252034,5.266618218695923
252035,5.539477608865763
252036,8.034983414015255
252037,7.333474468648362
252038,5.834713812838801
252039,7.746303594021825
252040,8.593395493438486
252041,5.525900621915847
252042,8.449957837457996
252043,7.675590038792322
252044,6.336599576759847
252045,6.137447688342855
252046,5.220674405316052
252047,6.972785527208981
252048,8.206407472827369
252049,6.79356465003224
252050,6.78728642738155
252051,6.8744450671367305
252052,8.485872499608544
252053,8.906565605890375
252054,9.773271079417352
252055,7.4647457768737855
252056,6.9089565149521235
252057,6.563261161246333
252058,7.707611746104025
252059,6.19480039355224
252060,8.845118119930689
252061,6.290252040994731
252062,5.971488657099883
252063,5.927159177615678
252064,6.9441204071004075
252065,6.077455861840441
252066,5.298899048875754
252067,7.781563487879589
252068,4.823812043675443
252069,6.6445950901905935
252070,5.696354683507542
252071,6.25421909164257
252072,6.568151027414553
252073,6.300349432589399
252074,6.233121731321133
252075,6.140027825653766
252076,5.905157177105428
252077,7.830673209971203
252078,6.587581906041978
252079,7.152823728833528
252080,6.038055646756446
252081,5.966947491383757
252082,6.59745581913133
252083,6.385643417123997
252084,4.713042855148586
252085,7.991322127073941
252086,9.236538596314537
252087,7.59314259859967
252088,8.114883695855038
252089,7.561233927036784
252090,8.32215030555141
252091,5.4938655172045125
252092,7.0226878339422525
252093,7.09448670708359
252094,8.345478612674796
252095,7.416449561768294
252096,7.12199406891012
252097,7.056358876290181
252098,6.047046847869873
252099,7.62585914003129
252100,6.38586021855984
252101,8.018542393338477
252102,5.805653710037625
252103,7.477861641822963
252104,7.199762661550964
252105,6.8995294960325975
252106,6.5669899594806385
252107,7.543717202868109
252108,7.219481455059372
252109,6.340439844725556
252110,4.911720504051677
252111,7.849952171129827
252112,5.026311595917489
252113,6.599215792255546
252114,6.237974437309459
252115,6.7178645500017495
252116,7.329479918612268
252117,8.78006875270365
252118,7.282693850171649
252119,3.7928893187500057
252120,7.576169801887627
252121,7.475685455805689
252122,7.63319486381207
252123,6.127630562278632
252124,5.996902267805554
252125,7.232906147495653
252126,6.01458230575267
252127,5.9298609816643495
252128,7.905014675603743
252129,7.227996005900388
252130,5.523461384927252
252131,7.0770370561465175
252132,7.3557315509030765
252133,9.03126322986589
252134,8.017220184252526
252135,5.405536956818316
252136,6.02951590562998
252137,6.925800451802026
252138,6.117118485139773
252139,5.895580610107915
252140,6.1667638154057425
252141,7.01830099001341
252142,5.236058151820146
252143,7.57037065957403
252144,5.199297094801043
252145,9.572798718443465
252146,7.776062095596809
252147,7.83241847964171
252148,6.362958603261983
252149,5.102630500009463
252150,5.7740919757855425
252151,7.429751932437523
252152,7.249413593637201
252153,6.66928335143967
252154,8.255005416037903
252155,5.772391991747104
252156,5.6761022258985125
252157,6.206763051970097
252158,3.9268319000725134
252159,5.958997348261443
252160,5.038329899744875
252161,6.990412508224455
252162,4.699033524018862
252163,7.133600747377146
252164,5.244600717619466
252165,6.648000861159581
252166,5.888732301608455
252167,8.201493604853313
252168,7.948624810605261
252169,8.578676720932563
252170,4.35328215711681
252171,7.643666499948333
252172,7.508521317272817
252173,7.534143112090485
252174,7.547765768665195
252175,6.314423779719165
252176,8.469351563207548
252177,6.514630524604286
252178,5.940204258519088
252179,9.270706087491714
252180,7.724050175528981
252181,6.806524067984966
252182,7.828206865231529
252183,5.3657858453032485
252184,6.056151590311803
252185,4.877313639341316
252186,7.4170373472470885
252187,6.94141873553315
252188,7.853101146936913
252189,7.83337793627923
252190,4.866927439095546
252191,5.325624197413318
252192,7.715896366759125
252193,5.63181870322696
252194,9.371840139362648
252195,7.09488687362766
252196,7.878482586611726
252197,6.320984498615196
252198,7.017962538916915
252199,8.031014722255168
252200,4.4310547856562135
252201,6.629139475232552
252202,8.106861131411046
252203,8.581728138760209
252204,8.49082797827779
252205,6.798926351647625
252206,6.759913284050997
252207,4.854864080853973
252208,9.3278140733071
252209,7.514101016110517
252210,5.776160089161969
252211,7.50725582843352
252212,8.02346588580352
252213,7.699012436132153
252214,6.687182543906101
252215,7.351347015905112
252216,6.60010359333649
252217,5.903338539979071
252218,5.93486527302228
252219,5.582939843968882
252220,6.363962331378671
252221,6.972045249849911
252222,6.78104805534771
252223,7.350405873471966
252224,9.498337969710512
252225,7.705594265941114
252226,6.806492114705698
252227,9.353439105748977
252228,7.866527463480194
252229,6.170862541363048
252230,5.762631664197558
252231,5.986770098802191
252232,6.703507460784314
252233,7.189603475596572
252234,5.4568104490813445
252235,7.128188579595191
252236,8.440195533235737
252237,5.3174805381975165
252238,5.7405882592652056
252239,6.778013567442441
252240,6.599960472634171
252241,7.6067531444534255
252242,8.008845302687778
252243,7.839263288595795
252244,7.513097822499868
252245,5.666697953825658
252246,7.343888287991142
252247,9.159921094195209
252248,6.706460651187847
252249,7.074786697479774
252250,7.44475506302384
252251,6.046806692374741
252252,8.049505114404404
252253,4.396923204054518
252254,5.170242804800067
252255,5.81442474221051
252256,7.511260340322682
252257,4.992114450522604
252258,7.692428893353474
252259,7.143959371076942
252260,7.718099919105206
252261,7.337672848944197
252262,7.678427980010653
252263,6.274868921007009
252264,7.768121636058451
252265,4.9662853878246835
252266,6.651281124948704
252267,6.294172531292874
252268,5.797703929364449
252269,4.4498750496034285
252270,5.911925475670159
252271,8.184775074237251
252272,6.02414568481525
252273,4.910228382582247
252274,7.66302572373986
252275,7.301102924460294
252276,6.813655940720482
252277,8.252502560973745
252278,7.360658124358597
252279,8.26455764649944
252280,6.836188853427685
252281,6.728870853771916
252282,7.211382204138224
252283,7.770738391098607
252284,6.743969529484255
252285,6.471339037025455
252286,6.380073737968216
252287,7.9986542726215895
252288,4.947125974784569
252289,8.356853980581162
252290,5.44023753006557
252291,6.074250853410254
252292,6.517915321988534
252293,9.322513980906079
252294,7.439146684100895
252295,6.275038866531752
252296,6.664714935234677
252297,9.995143388933649
252298,7.718690393303039
252299,7.381312818617389
252300,5.4097773590432015
252301,4.9311815059351405
252302,8.442580641441884
252303,7.765741854567926
252304,8.140098198547081
252305,9.237945726039207
252306,7.895404025754859
252307,6.8179978885012815
252308,6.228680748633236
252309,7.74302930260652
252310,7.277734494475059
252311,10.043289538122186
252312,5.262862475992095
252313,7.689503007400431
252314,8.7493090417924
252315,8.198172145442246
252316,8.056540000568813
252317,6.088462793008339
252318,5.312227924065221
252319,7.309571834675619
252320,6.8276276233500095
252321,5.679026505615386
252322,8.501482288140156
252323,7.504648393531646
252324,8.139354852995233
252325,7.868258213934048
252326,5.674239961967703
252327,5.390248130612318
252328,7.886762672970196
252329,6.4565972255508886
252330,6.37202594017183
252331,7.49568360633641
252332,8.04134569252188
252333,4.637965316573293
252334,4.880049948550486
252335,6.701906090775225
252336,6.4474742255482855
252337,7.597636315367575
252338,7.030920771475041
252339,6.642105116329004
252340,4.566568631193061
252341,6.020332572575242
252342,6.050042696606171
252343,4.947274613890379
252344,8.214976610049959
252345,7.152733402799214
252346,7.076924970765729
252347,5.707366254390033
252348,6.548542856778393
252349,6.202995792980366
252350,7.791171497347239
252351,6.148237087385367
252352,7.611616585628573
252353,6.3565139000589355
252354,8.466763167999598
252355,7.181641749599952
252356,6.4756333843547065
252357,8.232648786038952
252358,7.2895181610859545
252359,7.421914913255641
252360,6.682134488761038
252361,5.52284381950008
252362,8.100740216758494
252363,4.951813062612095
252364,8.863053867702728
252365,5.4099648069099295
252366,7.6579007423773575
252367,5.872832847149832
252368,7.165904187593664
252369,6.201654249688968
252370,5.697914134348473
252371,7.536322925014909
252372,5.292587283330942
252373,7.4038752587346375
252374,7.255057675454017
252375,6.981201322022905
252376,5.158192397164038
252377,7.08938465355007
252378,5.374574879801159
252379,4.670083739157981
252380,7.304108659923731
252381,8.598416799042077
252382,6.387757739325919
252383,7.1741914641324325
252384,7.002214086481307
252385,7.694510539209075
252386,7.348647686823902
252387,7.440661615131891
252388,7.038124005600442
252389,7.111711963597763
252390,7.234332136162703
252391,6.177610020911182
252392,5.555615023107839
252393,8.87270705720493
252394,4.997834393619757
252395,7.925922523297913
252396,8.008131763939154
252397,7.22842314827856
252398,5.583230558486344
252399,6.294238349257102
252400,6.631000590737895
252401,4.833956552405583
252402,5.192342234245209
252403,10.02197190312674
252404,7.668954021018546
252405,7.982641273891401
252406,6.775807391728179
252407,7.507911494742892
252408,8.238166194013374
252409,7.1904184951423975
252410,7.145411795449686
252411,8.539387283349644
252412,7.801663338061395
252413,6.39015461927051
252414,8.210396586576573
252415,8.029018992025211
252416,8.282359174948152
252417,8.34668041881283
252418,7.300690538709789
252419,5.137762575071066
252420,5.815804288176894
252421,5.370430039292016
252422,5.3133017355195635
252423,5.031818758095206
252424,5.324215558064188
252425,6.096378748345579
252426,6.247306508683734
252427,6.492595344843602
252428,4.4143639832689665
252429,7.631922250885564
252430,6.243122415537225
252431,8.015037224425539
252432,6.802468967665196
252433,5.909222294399463
252434,7.493137575424239
252435,6.293854967903774
252436,4.3801346799089895
252437,6.2657291911785356
252438,6.180327657393535
252439,6.5600196169087575
252440,8.324739258650572
252441,5.356424897363606
252442,4.460871943513421
252443,5.351264316548502
252444,7.931510796182671
252445,6.249328336657269
252446,5.796720990298821
252447,5.940104413055773
252448,7.707061884111226
252449,5.546039249066286
252450,5.8003730276175265
252451,5.665663991898731
252452,6.990370836402371
252453,5.2862445937152005
252454,8.554792868906112
252455,6.473330705625576
252456,7.075590358794945
252457,6.548890059118904
252458,6.071065953266254
252459,5.053092048471752
252460,6.042443838805317
252461,6.109679419289453
252462,4.447577337520863
252463,5.8439590804203565
252464,6.345612851941378
252465,5.364499380551859
252466,6.2454751920568725
252467,5.914409383669547
252468,6.409047559037047
252469,6.135107275115017
252470,6.260461527460672
252471,7.757980383042987
252472,6.960703740090328
252473,5.549841524176034
252474,7.446234016396202
252475,8.774775181850025
252476,6.185816590153486
252477,6.837375846373316
252478,7.266954412905586
252479,5.491682002024133
252480,6.92924805096919
252481,7.636096582613101
252482,9.564397491821907
252483,6.6036433756971356
252484,6.708537261265144
252485,6.658686489636259
252486,5.83433294591428
252487,7.45720671690701
252488,7.179718170106378
252489,7.323256620666353
252490,4.084647967216798
252491,6.881950571182362
252492,4.652375331562074
252493,4.584479809506766
252494,6.243735216610139
252495,5.039199026736518
252496,7.191856439141137
252497,5.903307510186608
